Arrival,Dept.,Nights,Room,Total (Rs) (Inclusive of Tax)
13-03-2025,15-03-2025,2.0,218-Deluxe Room (Non-AC),2600.0
13-03-2025,15-03-2025,2.0,219-Deluxe Room (Non-AC),2600.0
05-03-2025,21-03-2025,16.0,314-Zen Room with Balcony,25994.88
05-03-2025,09-03-2025,4.0,215-Deluxe without Balcony,4000.0
05-03-2025,15-03-2025,10.0,101-Deluxe with Balcony,16000.0
08-03-2025,15-03-2025,7.0,102-Deluxe with Balcony,11200.0
07-03-2025,09-03-2025,2.0,214-Deluxe without Balcony,2400.0
05-03-2025,12-03-2025,7.0,308-Zen Room with Balcony,9100.0
06-03-2025,12-03-2025,6.0,103-Deluxe with Balcony,8400.0
15-03-2025,17-03-2025,2.0,301-Zen Room with Balcony,4400.0
15-03-2025,16-03-2025,1.0,205-Family Suite (3B),3240.0
12-03-2025,13-03-2025,1.0,106-Executive Suite with Balcony,2800.0
12-03-2025,13-03-2025,1.0,104-Deluxe with Balcony,2240.0
11-03-2025,13-03-2025,2.0,201-Deluxe with Balcony,4000.0
11-03-2025,13-03-2025,2.0,202-Deluxe with Balcony,4000.0
11-03-2025,13-03-2025,2.0,203-Deluxe with Balcony,4080.0
04-04-2025,06-04-2025,2.0,305-Zen Room with Balcony,5460.0
14-03-2025,15-03-2025,1.0,301-Zen Room with Balcony,2000.0
14-03-2025,15-03-2025,1.0,311-Zen Room with Balcony,2000.0
12-03-2025,17-04-2025,36.0,211-Deluxe without Balcony,62463.0
12-03-2025,15-03-2025,3.0,305-Zen Room with Balcony,5140.8
13-03-2025,16-03-2025,3.0,206-Executive Suite with Balcony,11700.6
13-03-2025,15-03-2025,2.0,307-Zen Room with Balcony,3808.0
13-03-2025,15-03-2025,2.0,308-Zen Room with Balcony,5308.0
13-03-2025,16-03-2025,3.0,202-Deluxe with Balcony,4233.6
13-03-2025,16-03-2025,3.0,201-Deluxe with Balcony,5712.0
13-03-2025,16-03-2025,3.0,212-Family Suite (4B),10500.0
12-03-2025,15-03-2025,3.0,103-Deluxe with Balcony,5140.66
12-03-2025,17-03-2025,5.0,216-Deluxe Room (Non-AC),5595.0
12-03-2025,13-03-2025,1.0,107-Executive Suite with Balcony,2794.0
15-03-2025,16-03-2025,1.0,107-Executive Suite with Balcony,2200.0
15-03-2025,16-03-2025,1.0,104-Deluxe with Balcony,2200.0
15-03-2025,17-03-2025,2.0,114-Family Suite (4B),9000.0
14-03-2025,15-03-2025,1.0,205-Family Suite (3B),3027.37
14-03-2025,15-03-2025,1.0,111-Deluxe without Balcony,1495.2
12-03-2025,13-03-2025,1.0,306-Zen Room with Balcony,2500.0
13-03-2025,14-03-2025,1.0,203-Deluxe with Balcony,2200.0
13-03-2025,14-03-2025,1.0,204-Deluxe with Balcony,2389.0
13-03-2025,17-03-2025,4.0,109-Deluxe without Balcony,6000.0
13-03-2025,14-03-2025,1.0,108-Deluxe without Balcony,1200.0
13-03-2025,15-03-2025,2.0,104-Deluxe with Balcony,4000.0
13-03-2025,14-03-2025,1.0,217-Deluxe Room (Non-AC),1568.0
15-03-2025,18-03-2025,3.0,102-Deluxe with Balcony,6300.0
15-03-2025,18-03-2025,3.0,101-Deluxe with Balcony,7224.0
31-05-2025,01-06-2025,1.0,216-Deluxe Room (Non-AC),1614.6
13-03-2025,14-03-2025,1.0,110-Deluxe without Balcony,2250.0
13-03-2025,14-03-2025,1.0,111-Deluxe without Balcony,1800.0
13-03-2025,16-03-2025,3.0,313-Zen Room with Balcony,7500.0
21-03-2025,27-03-2025,6.0,203-Deluxe with Balcony,15321.6
13-03-2025,14-03-2025,1.0,215-Deluxe without Balcony,1680.0
15-03-2025,17-03-2025,2.0,218-Deluxe Room (Non-AC),2260.44
13-03-2025,15-03-2025,2.0,214-Deluxe without Balcony,3020.0
14-03-2025,15-03-2025,1.0,108-Deluxe without Balcony,1415.12
14-03-2025,15-03-2025,1.0,310-Zen Room with Balcony,3260.0
14-03-2025,15-03-2025,1.0,309-Zen Room with Balcony,2500.0
14-03-2025,16-03-2025,2.0,215-Deluxe without Balcony,2822.4
14-03-2025,16-03-2025,2.0,312-Zen Room with Balcony,4886.0
14-03-2025,15-03-2025,1.0,303-Zen Room with Balcony,2084.0
14-03-2025,16-03-2025,2.0,304-Zen Room with Balcony,4600.0
14-03-2025,16-03-2025,2.0,204-Deluxe with Balcony,4000.0
14-03-2025,15-03-2025,1.0,306-Zen Room with Balcony,2378.0
14-03-2025,15-03-2025,1.0,106-Executive Suite with Balcony,2830.0
14-03-2025,16-03-2025,2.0,110-Deluxe without Balcony,5084.0
14-03-2025,16-03-2025,2.0,115-Family Suite (4B),10168.0
14-03-2025,15-03-2025,1.0,114-Family Suite (4B),5082.0
14-03-2025,15-03-2025,1.0,107-Executive Suite with Balcony,3920.0
14-03-2025,16-03-2025,2.0,105-Family Suite (3B),7400.0
14-03-2025,15-03-2025,1.0,203-Deluxe with Balcony,2500.0
14-03-2025,15-03-2025,1.0,217-Deluxe Room (Non-AC),1400.0
15-03-2025,16-03-2025,1.0,217-Deluxe Room (Non-AC),1411.2
15-03-2025,16-03-2025,1.0,219-Deluxe Room (Non-AC),1411.2
15-03-2025,16-03-2025,1.0,305-Zen Room with Balcony,3340.0
15-03-2025,16-03-2025,1.0,306-Zen Room with Balcony,2800.0
15-03-2025,16-03-2025,1.0,108-Deluxe without Balcony,2723.0
15-03-2025,16-03-2025,1.0,203-Deluxe with Balcony,2300.8
15-03-2025,16-03-2025,1.0,307-Zen Room with Balcony,2200.0
15-03-2025,16-03-2025,1.0,308-Zen Room with Balcony,2200.0
15-03-2025,16-03-2025,1.0,111-Deluxe without Balcony,2500.0
15-03-2025,16-03-2025,1.0,106-Executive Suite with Balcony,2500.0
15-03-2025,16-03-2025,1.0,309-Zen Room with Balcony,3400.0
24-03-2025,26-03-2025,2.0,105-Family Suite (3B),6840.0
15-03-2025,16-03-2025,1.0,310-Zen Room with Balcony,2836.0
15-03-2025,16-03-2025,1.0,311-Zen Room with Balcony,2836.0
16-03-2025,26-03-2025,10.0,201-Deluxe with Balcony,15000.0
15-03-2025,16-03-2025,1.0,214-Deluxe without Balcony,3000.0
15-03-2025,16-03-2025,1.0,303-Zen Room with Balcony,2500.0
15-03-2025,16-03-2025,1.0,302-Zen Room with Balcony,2000.0
16-03-2025,17-03-2025,1.0,219-Deluxe Room (Non-AC),1411.2
16-03-2025,28-03-2025,12.0,202-Deluxe with Balcony,18000.0
20-03-2025,21-03-2025,1.0,204-Deluxe with Balcony,2850.0
20-03-2025,21-03-2025,1.0,205-Family Suite (3B),2500.0
16-03-2025,17-03-2025,1.0,203-Deluxe with Balcony,2190.0
16-03-2025,18-03-2025,2.0,106-Executive Suite with Balcony,4480.0
17-03-2025,19-03-2025,2.0,108-Deluxe without Balcony,4636.0
20-04-2025,21-04-2025,1.0,115-Family Suite (4B),6300.5
20-04-2025,21-04-2025,1.0,105-Family Suite (3B),3300.0
17-03-2025,18-03-2025,1.0,212-Family Suite (4B),5210.0
26-03-2025,27-03-2025,1.0,219-Deluxe Room (Non-AC),1568.0
18-03-2025,20-03-2025,2.0,204-Deluxe with Balcony,5134.0
17-03-2025,18-03-2025,1.0,203-Deluxe with Balcony,2770.0
17-03-2025,18-03-2025,1.0,109-Deluxe without Balcony,1500.0
23-03-2025,24-03-2025,1.0,216-Deluxe Room (Non-AC),1411.2
10-04-2025,12-04-2025,2.0,216-Deluxe Room (Non-AC),1695.32
10-04-2025,12-04-2025,2.0,217-Deluxe Room (Non-AC),1695.32
18-03-2025,21-03-2025,3.0,109-Deluxe without Balcony,6190.0
18-03-2025,19-03-2025,1.0,110-Deluxe without Balcony,2000.0
21-03-2025,22-03-2025,1.0,218-Deluxe Room (Non-AC),1176.0
18-03-2025,19-03-2025,1.0,216-Deluxe Room (Non-AC),1200.0
18-03-2025,19-03-2025,1.0,101-Deluxe with Balcony,2976.0
18-03-2025,19-03-2025,1.0,102-Deluxe with Balcony,2000.0
19-03-2025,21-03-2025,2.0,206-Executive Suite with Balcony,5365.0
19-03-2025,20-03-2025,1.0,110-Deluxe without Balcony,1600.0
19-03-2025,20-03-2025,1.0,111-Deluxe without Balcony,1600.0
04-04-2025,05-04-2025,1.0,110-Deluxe without Balcony,6468.0
04-04-2025,05-04-2025,1.0,210-Deluxe without Balcony,2352.0
04-04-2025,05-04-2025,1.0,215-Deluxe without Balcony,3528.0
04-04-2025,05-04-2025,1.0,105-Family Suite (3B),9238.0
04-04-2025,05-04-2025,1.0,205-Family Suite (3B),3528.0
19-03-2025,20-03-2025,1.0,108-Deluxe without Balcony,8260.0
19-03-2025,20-03-2025,1.0,215-Deluxe without Balcony,1600.0
22-03-2025,23-03-2025,1.0,105-Family Suite (3B),2560.44
19-03-2025,22-03-2025,3.0,109-Deluxe without Balcony,5500.0
20-03-2025,21-03-2025,1.0,218-Deluxe Room (Non-AC),847.66
20-03-2025,21-03-2025,1.0,216-Deluxe Room (Non-AC),1411.2
19-03-2025,30-03-2025,11.0,301-Zen Room with Balcony,16820.0
22-03-2025,23-03-2025,1.0,205-Family Suite (3B),3150.0
20-03-2025,21-03-2025,1.0,210-Deluxe without Balcony,2000.0
03-04-2025,04-04-2025,1.0,108-Deluxe without Balcony,2196.0
03-04-2025,04-04-2025,1.0,109-Deluxe without Balcony,2736.0
20-03-2025,21-03-2025,1.0,108-Deluxe without Balcony,1640.0
20-03-2025,21-03-2025,1.0,110-Deluxe without Balcony,1720.0
21-03-2025,22-03-2025,1.0,107-Executive Suite with Balcony,2200.0
21-03-2025,22-03-2025,1.0,115-Family Suite (4B),3800.0
21-03-2025,22-03-2025,1.0,215-Deluxe without Balcony,2240.0
21-03-2025,22-03-2025,1.0,207-Executive Suite with Balcony,2400.0
21-03-2025,22-03-2025,1.0,216-Deluxe Room (Non-AC),1400.0
22-03-2025,23-03-2025,1.0,101-Deluxe with Balcony,3052.8
22-03-2025,23-03-2025,1.0,102-Deluxe with Balcony,2872.8
21-03-2025,23-03-2025,2.0,108-Deluxe without Balcony,4980.0
21-03-2025,22-03-2025,1.0,114-Family Suite (4B),4030.0
21-03-2025,22-03-2025,1.0,106-Executive Suite with Balcony,2100.0
21-03-2025,22-03-2025,1.0,110-Deluxe without Balcony,1600.0
21-03-2025,22-03-2025,1.0,111-Deluxe without Balcony,1710.0
11-04-2025,12-04-2025,1.0,114-Family Suite (4B),4200.0
11-04-2025,12-04-2025,1.0,105-Family Suite (3B),3200.0
11-04-2025,12-04-2025,1.0,102-Deluxe with Balcony,2100.0
22-03-2025,23-03-2025,1.0,206-Executive Suite with Balcony,5040.0
22-03-2025,23-03-2025,1.0,207-Executive Suite with Balcony,6070.0
21-03-2025,22-03-2025,1.0,210-Deluxe without Balcony,2095.0
22-03-2025,23-03-2025,1.0,216-Deluxe Room (Non-AC),1058.4
22-03-2025,23-03-2025,1.0,304-Zen Room with Balcony,3150.56
22-03-2025,23-03-2025,1.0,303-Zen Room with Balcony,4950.56
22-03-2025,23-03-2025,1.0,219-Deluxe Room (Non-AC),1072.77
22-03-2025,24-03-2025,2.0,109-Deluxe without Balcony,5640.0
24-03-2025,25-03-2025,1.0,216-Deluxe Room (Non-AC),893.96
15-04-2025,18-04-2025,3.0,216-Deluxe Room (Non-AC),2681.88
29-03-2025,31-03-2025,2.0,108-Deluxe without Balcony,3600.0
29-03-2025,31-03-2025,2.0,306-Zen Room with Balcony,7500.0
29-03-2025,31-03-2025,2.0,109-Deluxe without Balcony,3600.0
22-03-2025,23-03-2025,1.0,212-Family Suite (4B),6500.0
22-03-2025,23-03-2025,1.0,204-Deluxe with Balcony,2100.0
22-03-2025,23-03-2025,1.0,111-Deluxe without Balcony,1700.0
22-03-2025,23-03-2025,1.0,106-Executive Suite with Balcony,2000.0
22-03-2025,23-03-2025,1.0,107-Executive Suite with Balcony,2000.0
22-03-2025,24-03-2025,2.0,214-Deluxe without Balcony,3760.0
22-03-2025,24-03-2025,2.0,215-Deluxe without Balcony,3000.0
22-03-2025,23-03-2025,1.0,305-Zen Room with Balcony,2100.0
22-03-2025,23-03-2025,1.0,306-Zen Room with Balcony,1800.0
22-03-2025,23-03-2025,1.0,110-Deluxe without Balcony,1700.0
22-03-2025,23-03-2025,1.0,210-Deluxe without Balcony,1700.0
20-04-2025,23-04-2025,3.0,216-Deluxe Room (Non-AC),3528.0
22-03-2025,23-03-2025,1.0,314-Zen Room with Balcony,3290.0
22-03-2025,23-03-2025,1.0,302-Zen Room with Balcony,2690.0
22-03-2025,23-03-2025,1.0,114-Family Suite (4B),3620.0
22-03-2025,23-03-2025,1.0,115-Family Suite (4B),3930.0
22-03-2025,23-03-2025,1.0,307-Zen Room with Balcony,1800.0
29-03-2025,30-03-2025,1.0,101-Deluxe with Balcony,5153.1
29-03-2025,30-03-2025,1.0,102-Deluxe with Balcony,4145.1
23-03-2025,24-03-2025,1.0,218-Deluxe Room (Non-AC),1811.2
23-03-2025,24-03-2025,1.0,106-Executive Suite with Balcony,2394.56
23-03-2025,30-03-2025,7.0,210-Deluxe without Balcony,12130.0
23-03-2025,25-03-2025,2.0,204-Deluxe with Balcony,4400.0
23-03-2025,24-03-2025,1.0,108-Deluxe without Balcony,1500.0
23-03-2025,24-03-2025,1.0,110-Deluxe without Balcony,1640.0
23-03-2025,24-03-2025,1.0,101-Deluxe with Balcony,2210.0
12-04-2025,14-04-2025,2.0,115-Family Suite (4B),4400.0
12-04-2025,14-04-2025,2.0,114-Family Suite (4B),9915.0
23-03-2025,24-03-2025,1.0,115-Family Suite (4B),4060.0
24-03-2025,25-03-2025,1.0,110-Deluxe without Balcony,2570.0
26-03-2025,27-03-2025,1.0,216-Deluxe Room (Non-AC),1270.08
24-03-2025,25-03-2025,1.0,217-Deluxe Room (Non-AC),1200.0
24-03-2025,25-03-2025,1.0,218-Deluxe Room (Non-AC),1250.0
24-03-2025,25-03-2025,1.0,219-Deluxe Room (Non-AC),2090.0
25-03-2025,26-03-2025,1.0,216-Deluxe Room (Non-AC),1176.0
29-03-2025,30-03-2025,1.0,217-Deluxe Room (Non-AC),893.96
30-03-2025,01-04-2025,2.0,216-Deluxe Room (Non-AC),2352.0
25-03-2025,26-03-2025,1.0,108-Deluxe without Balcony,1780.0
25-03-2025,26-03-2025,1.0,109-Deluxe without Balcony,1600.0
25-03-2025,26-03-2025,1.0,204-Deluxe with Balcony,1600.0
25-03-2025,26-03-2025,1.0,215-Deluxe without Balcony,1600.0
25-03-2025,26-03-2025,1.0,102-Deluxe with Balcony,2300.0
11-04-2025,12-04-2025,1.0,214-Deluxe without Balcony,1411.2
11-04-2025,12-04-2025,1.0,108-Deluxe without Balcony,2394.56
25-03-2025,26-03-2025,1.0,217-Deluxe Room (Non-AC),2111.2
19-04-2025,20-04-2025,1.0,216-Deluxe Room (Non-AC),1176.0
26-03-2025,27-03-2025,1.0,217-Deluxe Room (Non-AC),1568.0
26-03-2025,27-03-2025,1.0,115-Family Suite (4B),4180.0
27-03-2025,28-03-2025,1.0,212-Family Suite (4B),7870.0
31-03-2025,01-04-2025,1.0,217-Deluxe Room (Non-AC),1774.08
26-03-2025,27-03-2025,1.0,108-Deluxe without Balcony,1760.0
27-03-2025,29-03-2025,2.0,216-Deluxe Room (Non-AC),4124.8
26-03-2025,27-03-2025,1.0,105-Family Suite (3B),3620.0
26-03-2025,27-03-2025,1.0,111-Deluxe without Balcony,2500.0
26-03-2025,27-03-2025,1.0,109-Deluxe without Balcony,1680.0
27-03-2025,28-03-2025,1.0,218-Deluxe Room (Non-AC),1033.96
27-03-2025,28-03-2025,1.0,115-Family Suite (4B),5340.0
27-03-2025,27-03-2025,0.0,214-Deluxe without Balcony,2000.0
27-03-2025,28-03-2025,1.0,217-Deluxe Room (Non-AC),2878.0
29-03-2025,31-03-2025,2.0,311-Zen Room with Balcony,2145.54
27-03-2025,28-03-2025,1.0,203-Deluxe with Balcony,2600.0
27-03-2025,28-03-2025,1.0,219-Deluxe Room (Non-AC),1072.77
27-03-2025,28-03-2025,1.0,108-Deluxe without Balcony,1880.0
27-03-2025,28-03-2025,1.0,109-Deluxe without Balcony,1800.0
28-03-2025,29-03-2025,1.0,219-Deluxe Room (Non-AC),1176.0
28-03-2025,29-03-2025,1.0,218-Deluxe Room (Non-AC),1176.0
29-03-2025,30-03-2025,1.0,204-Deluxe with Balcony,2814.56
29-03-2025,30-03-2025,1.0,201-Deluxe with Balcony,2814.56
29-03-2025,30-03-2025,1.0,303-Zen Room with Balcony,2730.56
28-03-2025,30-03-2025,2.0,107-Executive Suite with Balcony,7630.0
28-03-2025,29-03-2025,1.0,206-Executive Suite with Balcony,4536.0
28-03-2025,30-03-2025,2.0,115-Family Suite (4B),10140.0
29-03-2025,31-03-2025,2.0,111-Deluxe without Balcony,2822.4
28-03-2025,29-03-2025,1.0,109-Deluxe without Balcony,1915.2
28-03-2025,29-03-2025,1.0,214-Deluxe without Balcony,2000.0
28-03-2025,29-03-2025,1.0,114-Family Suite (4B),5050.0
01-04-2025,02-04-2025,1.0,219-Deluxe Room (Non-AC),893.96
28-03-2025,29-03-2025,1.0,212-Family Suite (4B),4560.0
30-03-2025,31-03-2025,1.0,313-Zen Room with Balcony,2200.0
29-03-2025,30-03-2025,1.0,114-Family Suite (4B),5460.0
28-03-2025,29-03-2025,1.0,108-Deluxe without Balcony,2590.0
28-03-2025,29-03-2025,1.0,110-Deluxe without Balcony,1800.0
28-03-2025,29-03-2025,1.0,111-Deluxe without Balcony,2110.0
29-03-2025,30-03-2025,1.0,206-Executive Suite with Balcony,3986.0
30-03-2025,31-03-2025,1.0,115-Family Suite (4B),4420.0
30-03-2025,31-03-2025,1.0,105-Family Suite (3B),2800.0
30-03-2025,31-03-2025,1.0,305-Zen Room with Balcony,2200.0
29-03-2025,31-03-2025,2.0,106-Executive Suite with Balcony,5700.0
29-03-2025,31-03-2025,2.0,214-Deluxe without Balcony,3600.0
29-03-2025,30-03-2025,1.0,305-Zen Room with Balcony,2524.56
29-03-2025,30-03-2025,1.0,202-Deluxe with Balcony,2183.84
29-03-2025,30-03-2025,1.0,203-Deluxe with Balcony,2183.84
29-03-2025,01-04-2025,3.0,302-Zen Room with Balcony,8736.0
29-03-2025,31-03-2025,2.0,309-Zen Room with Balcony,4000.0
29-03-2025,31-03-2025,2.0,310-Zen Room with Balcony,4000.0
29-03-2025,30-03-2025,1.0,304-Zen Room with Balcony,3360.0
29-03-2025,30-03-2025,1.0,307-Zen Room with Balcony,2730.56
30-03-2025,31-03-2025,1.0,218-Deluxe Room (Non-AC),973.96
29-03-2025,30-03-2025,1.0,212-Family Suite (4B),4200.0
29-03-2025,30-03-2025,1.0,105-Family Suite (3B),3150.56
29-03-2025,30-03-2025,1.0,205-Family Suite (3B),3150.56
29-03-2025,30-03-2025,1.0,110-Deluxe without Balcony,5192.8
29-03-2025,30-03-2025,1.0,313-Zen Room with Balcony,3192.0
29-03-2025,30-03-2025,1.0,312-Zen Room with Balcony,3000.0
29-03-2025,30-03-2025,1.0,314-Zen Room with Balcony,3000.0
30-03-2025,31-03-2025,1.0,303-Zen Room with Balcony,2520.44
29-03-2025,30-03-2025,1.0,308-Zen Room with Balcony,5043.0
29-03-2025,30-03-2025,1.0,215-Deluxe without Balcony,3192.0
29-03-2025,30-03-2025,1.0,219-Deluxe Room (Non-AC),1500.0
29-03-2025,30-03-2025,1.0,218-Deluxe Room (Non-AC),1500.0
29-03-2025,30-03-2025,1.0,216-Deluxe Room (Non-AC),2014.0
03-04-2025,04-04-2025,1.0,218-Deluxe Room (Non-AC),1298.4
03-04-2025,04-04-2025,1.0,219-Deluxe Room (Non-AC),1058.4
30-03-2025,01-04-2025,2.0,206-Executive Suite with Balcony,6326.2
30-03-2025,31-03-2025,1.0,312-Zen Room with Balcony,2580.1
30-03-2025,31-03-2025,1.0,110-Deluxe without Balcony,2250.0
30-03-2025,31-03-2025,1.0,101-Deluxe with Balcony,2183.84
12-04-2025,14-04-2025,2.0,216-Deluxe Room (Non-AC),2540.16
30-03-2025,31-03-2025,1.0,202-Deluxe with Balcony,2183.84
30-03-2025,31-03-2025,1.0,204-Deluxe with Balcony,2850.0
30-03-2025,31-03-2025,1.0,307-Zen Room with Balcony,3610.0
30-03-2025,31-03-2025,1.0,114-Family Suite (4B),5190.0
30-03-2025,31-03-2025,1.0,301-Zen Room with Balcony,2457.5
09-04-2025,11-04-2025,2.0,108-Deluxe without Balcony,2250.23
30-03-2025,31-03-2025,1.0,210-Deluxe without Balcony,1910.0
30-03-2025,31-03-2025,1.0,308-Zen Room with Balcony,3000.0
18-04-2025,19-04-2025,1.0,115-Family Suite (4B),2856.56
18-04-2025,19-04-2025,1.0,302-Zen Room with Balcony,2730.56
18-04-2025,19-04-2025,1.0,114-Family Suite (4B),5292.0
30-03-2025,31-03-2025,1.0,304-Zen Room with Balcony,0.02
30-03-2025,31-03-2025,1.0,215-Deluxe without Balcony,1500.0
30-03-2025,31-03-2025,1.0,217-Deluxe Room (Non-AC),1138.4
30-03-2025,31-03-2025,1.0,205-Family Suite (3B),4000.0
30-03-2025,31-03-2025,1.0,212-Family Suite (4B),3850.0
01-04-2025,02-04-2025,1.0,210-Deluxe without Balcony,1270.08
02-04-2025,03-04-2025,1.0,210-Deluxe without Balcony,2024.4
30-03-2025,31-03-2025,1.0,219-Deluxe Room (Non-AC),1000.0
30-03-2025,31-03-2025,1.0,206-Executive Suite with Balcony,2850.0
30-03-2025,31-03-2025,1.0,203-Deluxe with Balcony,2426.48
01-04-2025,02-04-2025,1.0,110-Deluxe without Balcony,2394.56
31-03-2025,01-04-2025,1.0,218-Deluxe Room (Non-AC),893.96
31-03-2025,01-04-2025,1.0,214-Deluxe without Balcony,893.96
31-03-2025,02-04-2025,2.0,303-Zen Room with Balcony,4000.0
04-04-2025,05-04-2025,1.0,217-Deluxe Room (Non-AC),1100.0
02-04-2025,04-04-2025,2.0,111-Deluxe without Balcony,3790.6
05-04-2025,06-04-2025,1.0,203-Deluxe with Balcony,3000.0
06-04-2025,08-04-2025,2.0,217-Deluxe Room (Non-AC),2107.92
01-04-2025,02-04-2025,1.0,108-Deluxe without Balcony,1500.0
20-05-2025,22-05-2025,2.0,116-Deluxe Room (Non-AC),3570.0
02-04-2025,03-04-2025,1.0,217-Deluxe Room (Non-AC),1213.25
05-04-2025,06-04-2025,1.0,103-Deluxe with Balcony,4000.0
05-04-2025,06-04-2025,1.0,114-Family Suite (4B),2956.0
05-04-2025,06-04-2025,1.0,102-Deluxe with Balcony,2200.0
05-04-2025,06-04-2025,1.0,115-Family Suite (4B),4000.0
26-04-2025,27-04-2025,1.0,218-Deluxe Room (Non-AC),1176.0
02-04-2025,04-04-2025,2.0,216-Deluxe Room (Non-AC),3150.0
02-04-2025,03-04-2025,1.0,212-Family Suite (4B),3000.0
02-04-2025,03-04-2025,1.0,219-Deluxe Room (Non-AC),1000.0
04-04-2025,06-04-2025,2.0,202-Deluxe with Balcony,4789.12
11-04-2025,13-04-2025,2.0,104-Deluxe with Balcony,3591.84
02-04-2025,03-04-2025,1.0,207-Executive Suite with Balcony,3400.0
05-04-2025,06-04-2025,1.0,201-Deluxe with Balcony,4304.56
15-04-2025,16-04-2025,1.0,217-Deluxe Room (Non-AC),1176.0
11-04-2025,13-04-2025,2.0,202-Deluxe with Balcony,4789.12
11-04-2025,13-04-2025,2.0,203-Deluxe with Balcony,5909.12
03-04-2025,04-04-2025,1.0,210-Deluxe without Balcony,2830.0
03-04-2025,04-04-2025,1.0,101-Deluxe with Balcony,2240.0
04-04-2025,05-04-2025,1.0,216-Deluxe Room (Non-AC),893.96
05-04-2025,06-04-2025,1.0,216-Deluxe Room (Non-AC),893.96
05-04-2025,06-04-2025,1.0,219-Deluxe Room (Non-AC),1470.96
04-04-2025,05-04-2025,1.0,218-Deluxe Room (Non-AC),893.96
04-04-2025,06-04-2025,2.0,206-Executive Suite with Balcony,7471.0
04-04-2025,06-04-2025,2.0,207-Executive Suite with Balcony,10554.0
12-04-2025,13-04-2025,1.0,108-Deluxe without Balcony,1820.3
12-04-2025,13-04-2025,1.0,109-Deluxe without Balcony,1820.3
12-04-2025,13-04-2025,1.0,214-Deluxe without Balcony,1820.3
12-04-2025,13-04-2025,1.0,215-Deluxe without Balcony,1820.3
14-04-2025,16-04-2025,2.0,212-Family Suite (4B),6000.0
04-04-2025,05-04-2025,1.0,219-Deluxe Room (Non-AC),1400.0
10-04-2025,13-04-2025,3.0,304-Zen Room with Balcony,8568.0
10-04-2025,13-04-2025,3.0,305-Zen Room with Balcony,8568.0
10-04-2025,13-04-2025,3.0,306-Zen Room with Balcony,8568.0
10-04-2025,13-04-2025,3.0,307-Zen Room with Balcony,8568.0
10-04-2025,13-04-2025,3.0,308-Zen Room with Balcony,9596.16
10-04-2025,13-04-2025,3.0,312-Zen Room with Balcony,8568.0
10-04-2025,13-04-2025,3.0,310-Zen Room with Balcony,8568.0
10-04-2025,13-04-2025,3.0,311-Zen Room with Balcony,8568.0
12-04-2025,13-04-2025,1.0,115-Family Suite (4B),3500.0
04-04-2025,05-04-2025,1.0,108-Deluxe without Balcony,1500.0
04-04-2025,07-04-2025,3.0,109-Deluxe without Balcony,7404.0
04-04-2025,06-04-2025,2.0,111-Deluxe without Balcony,3888.0
05-04-2025,06-04-2025,1.0,217-Deluxe Room (Non-AC),1191.94
05-04-2025,06-04-2025,1.0,101-Deluxe with Balcony,3140.0
05-04-2025,07-04-2025,2.0,108-Deluxe without Balcony,3888.0
14-04-2025,16-04-2025,2.0,115-Family Suite (4B),9698.5
14-04-2025,15-04-2025,1.0,212-Family Suite (4B),4443.0
05-04-2025,06-04-2025,1.0,104-Deluxe with Balcony,2750.0
05-04-2025,06-04-2025,1.0,210-Deluxe without Balcony,2000.0
26-04-2025,28-04-2025,2.0,204-Deluxe with Balcony,5080.28
06-04-2025,07-04-2025,1.0,101-Deluxe with Balcony,1820.3
05-04-2025,06-04-2025,1.0,105-Family Suite (3B),2500.0
05-04-2025,06-04-2025,1.0,110-Deluxe without Balcony,1700.0
07-04-2025,08-04-2025,1.0,216-Deluxe Room (Non-AC),1758.94
06-04-2025,08-04-2025,2.0,218-Deluxe Room (Non-AC),2703.88
15-04-2025,22-04-2025,7.0,204-Deluxe with Balcony,12571.44
06-04-2025,30-04-2025,24.0,107-Executive Suite with Balcony,56799.0
11-04-2025,13-04-2025,2.0,303-Zen Room with Balcony,5534.08
06-04-2025,08-04-2025,2.0,206-Executive Suite with Balcony,5500.0
26-05-2025,27-05-2025,1.0,216-Deluxe Room (Non-AC),2240.0
26-05-2025,27-05-2025,1.0,219-Deluxe Room (Non-AC),3867.5
07-04-2025,08-04-2025,1.0,219-Deluxe Room (Non-AC),1191.94
07-04-2025,08-04-2025,1.0,102-Deluxe with Balcony,1500.0
07-04-2025,08-04-2025,1.0,103-Deluxe with Balcony,1500.0
11-04-2025,12-04-2025,1.0,219-Deluxe Room (Non-AC),1568.0
10-04-2025,13-04-2025,3.0,207-Executive Suite with Balcony,10080.0
07-04-2025,08-04-2025,1.0,205-Family Suite (3B),2500.0
12-04-2025,14-04-2025,2.0,218-Deluxe Room (Non-AC),4256.0
07-04-2025,08-04-2025,1.0,108-Deluxe without Balcony,2700.0
08-04-2025,09-04-2025,1.0,219-Deluxe Room (Non-AC),1797.4
08-04-2025,09-04-2025,1.0,110-Deluxe without Balcony,1300.0
08-04-2025,10-04-2025,2.0,104-Deluxe with Balcony,2800.0
08-04-2025,12-04-2025,4.0,111-Deluxe without Balcony,8800.0
11-04-2025,13-04-2025,2.0,219-Deluxe Room (Non-AC),5094.8
18-04-2025,20-04-2025,2.0,203-Deluxe with Balcony,4862.5
10-04-2025,11-04-2025,1.0,219-Deluxe Room (Non-AC),1702.4
12-04-2025,14-04-2025,2.0,217-Deluxe Room (Non-AC),2336.6
09-04-2025,10-04-2025,1.0,218-Deluxe Room (Non-AC),2216.9
18-04-2025,19-04-2025,1.0,101-Deluxe with Balcony,3001.6
18-04-2025,19-04-2025,1.0,102-Deluxe with Balcony,3001.6
18-04-2025,19-04-2025,1.0,103-Deluxe with Balcony,3001.6
09-04-2025,11-04-2025,2.0,110-Deluxe without Balcony,4480.0
09-04-2025,10-04-2025,1.0,105-Family Suite (3B),3444.0
13-04-2025,14-04-2025,1.0,214-Deluxe without Balcony,1168.3
10-04-2025,13-04-2025,3.0,103-Deluxe with Balcony,6000.0
12-04-2025,14-04-2025,2.0,101-Deluxe with Balcony,4376.83
10-04-2025,11-04-2025,1.0,218-Deluxe Room (Non-AC),1200.0
10-04-2025,11-04-2025,1.0,214-Deluxe without Balcony,1200.0
10-04-2025,11-04-2025,1.0,205-Family Suite (3B),3000.0
10-04-2025,16-04-2025,6.0,206-Executive Suite with Balcony,20218.5
10-04-2025,24-04-2025,14.0,314-Zen Room with Balcony,34307.61
11-04-2025,14-04-2025,3.0,313-Zen Room with Balcony,11739.0
12-04-2025,13-04-2025,1.0,105-Family Suite (3B),3750.0
12-04-2025,13-04-2025,1.0,212-Family Suite (4B),4000.0
10-04-2025,12-04-2025,2.0,215-Deluxe without Balcony,3000.0
10-04-2025,12-04-2025,2.0,210-Deluxe without Balcony,5183.5
12-04-2025,14-04-2025,2.0,210-Deluxe without Balcony,4732.0
12-04-2025,14-04-2025,2.0,110-Deluxe without Balcony,4795.66
12-04-2025,14-04-2025,2.0,111-Deluxe without Balcony,4753.66
10-04-2025,12-04-2025,2.0,101-Deluxe with Balcony,3530.75
10-04-2025,11-04-2025,1.0,102-Deluxe with Balcony,2000.0
10-04-2025,12-04-2025,2.0,301-Zen Room with Balcony,5000.0
10-04-2025,12-04-2025,2.0,302-Zen Room with Balcony,5000.0
12-04-2025,13-04-2025,1.0,301-Zen Room with Balcony,2660.63
12-04-2025,13-04-2025,1.0,302-Zen Room with Balcony,2660.63
12-04-2025,13-04-2025,1.0,309-Zen Room with Balcony,2660.63
12-04-2025,13-04-2025,1.0,308-Zen Room with Balcony,2660.63
10-04-2025,11-04-2025,1.0,109-Deluxe without Balcony,1500.0
11-04-2025,12-04-2025,1.0,109-Deluxe without Balcony,2000.0
11-04-2025,12-04-2025,1.0,110-Deluxe without Balcony,2240.0
11-04-2025,12-04-2025,1.0,204-Deluxe with Balcony,2500.0
11-04-2025,12-04-2025,1.0,205-Family Suite (3B),3603.95
11-04-2025,12-04-2025,1.0,115-Family Suite (4B),4210.0
12-04-2025,14-04-2025,2.0,106-Executive Suite with Balcony,10080.0
12-04-2025,14-04-2025,2.0,205-Family Suite (3B),8400.0
11-04-2025,12-04-2025,1.0,212-Family Suite (4B),4489.0
11-04-2025,12-04-2025,1.0,106-Executive Suite with Balcony,4182.0
11-04-2025,12-04-2025,1.0,309-Zen Room with Balcony,3329.5
11-04-2025,13-04-2025,2.0,201-Deluxe with Balcony,4928.0
11-04-2025,12-04-2025,1.0,104-Deluxe with Balcony,2000.0
12-04-2025,12-04-2025,0.0,116-Deluxe Room (Non-AC),1400.0
12-04-2025,13-04-2025,1.0,104-Deluxe with Balcony,2000.0
13-04-2025,14-04-2025,1.0,219-Deluxe Room (Non-AC),1797.4
13-04-2025,15-04-2025,2.0,108-Deluxe without Balcony,5572.0
13-04-2025,15-04-2025,2.0,109-Deluxe without Balcony,4480.0
12-04-2025,13-04-2025,1.0,116-Deluxe Room (Non-AC),1300.0
19-04-2025,20-04-2025,1.0,103-Deluxe with Balcony,2700.0
19-04-2025,20-04-2025,1.0,114-Family Suite (4B),4650.0
19-04-2025,20-04-2025,1.0,205-Family Suite (3B),4650.0
13-04-2025,14-04-2025,1.0,105-Family Suite (3B),3486.0
12-04-2025,13-04-2025,1.0,204-Deluxe with Balcony,2500.0
13-04-2025,14-04-2025,1.0,202-Deluxe with Balcony,2400.0
13-04-2025,14-04-2025,1.0,102-Deluxe with Balcony,2324.0
13-04-2025,14-04-2025,1.0,215-Deluxe without Balcony,2240.0
13-04-2025,14-04-2025,1.0,104-Deluxe with Balcony,1797.4
13-04-2025,14-04-2025,1.0,103-Deluxe with Balcony,2240.0
13-04-2025,14-04-2025,1.0,201-Deluxe with Balcony,3872.0
13-04-2025,14-04-2025,1.0,203-Deluxe with Balcony,3752.0
13-04-2025,14-04-2025,1.0,212-Family Suite (4B),4921.0
13-04-2025,14-04-2025,1.0,307-Zen Room with Balcony,3200.0
14-04-2025,16-04-2025,2.0,306-Zen Room with Balcony,6720.0
14-04-2025,18-04-2025,4.0,219-Deluxe Room (Non-AC),6893.6
13-04-2025,14-04-2025,1.0,116-Deluxe Room (Non-AC),1851.36
13-04-2025,14-04-2025,1.0,204-Deluxe with Balcony,2500.0
13-04-2025,14-04-2025,1.0,308-Zen Room with Balcony,2731.0
14-04-2025,15-04-2025,1.0,216-Deluxe Room (Non-AC),1915.2
22-04-2025,23-04-2025,1.0,219-Deluxe Room (Non-AC),1702.4
14-04-2025,15-04-2025,1.0,217-Deluxe Room (Non-AC),1702.4
14-04-2025,16-04-2025,2.0,110-Deluxe without Balcony,4928.0
16-04-2025,17-04-2025,1.0,203-Deluxe with Balcony,2200.0
16-04-2025,17-04-2025,1.0,204-Deluxe with Balcony,2200.0
18-04-2025,19-04-2025,1.0,206-Executive Suite with Balcony,4024.0
14-04-2025,16-04-2025,2.0,108-Deluxe without Balcony,3862.0
14-04-2025,15-04-2025,1.0,102-Deluxe with Balcony,2200.0
14-04-2025,15-04-2025,1.0,111-Deluxe without Balcony,1500.0
19-04-2025,22-04-2025,3.0,219-Deluxe Room (Non-AC),5550.51
10-06-2025,11-06-2025,1.0,216-Deluxe Room (Non-AC),2060.8
14-04-2025,15-04-2025,1.0,210-Deluxe without Balcony,2000.0
14-04-2025,16-04-2025,2.0,103-Deluxe with Balcony,4084.0
14-04-2025,16-04-2025,2.0,101-Deluxe with Balcony,4735.0
14-04-2025,15-04-2025,1.0,205-Family Suite (3B),3000.0
19-04-2025,20-04-2025,1.0,102-Deluxe with Balcony,2500.0
19-04-2025,20-04-2025,1.0,115-Family Suite (4B),4042.0
15-04-2025,16-04-2025,1.0,105-Family Suite (3B),2626.0
15-04-2025,17-04-2025,2.0,214-Deluxe without Balcony,4121.6
15-04-2025,17-04-2025,2.0,302-Zen Room with Balcony,4949.0
15-04-2025,16-04-2025,1.0,205-Family Suite (3B),2500.0
16-04-2025,17-04-2025,1.0,210-Deluxe without Balcony,2000.0
16-04-2025,17-04-2025,1.0,217-Deluxe Room (Non-AC),2060.8
16-04-2025,17-04-2025,1.0,201-Deluxe with Balcony,2615.5
16-04-2025,17-04-2025,1.0,202-Deluxe with Balcony,2500.0
19-04-2025,20-04-2025,1.0,215-Deluxe without Balcony,5000.0
19-04-2025,20-04-2025,1.0,212-Family Suite (4B),5000.0
19-04-2025,20-04-2025,1.0,108-Deluxe without Balcony,3000.0
17-04-2025,18-04-2025,1.0,218-Deluxe Room (Non-AC),2175.8
18-04-2025,20-04-2025,2.0,303-Zen Room with Balcony,4813.2
18-04-2025,20-04-2025,2.0,304-Zen Room with Balcony,4813.2
18-04-2025,20-04-2025,2.0,210-Deluxe without Balcony,6000.0
17-04-2025,20-04-2025,3.0,217-Deluxe Room (Non-AC),5704.5
18-04-2025,20-04-2025,2.0,311-Zen Room with Balcony,5567.75
17-04-2025,18-04-2025,1.0,101-Deluxe with Balcony,1750.0
17-04-2025,18-04-2025,1.0,102-Deluxe with Balcony,1750.0
17-04-2025,18-04-2025,1.0,108-Deluxe without Balcony,3165.5
17-04-2025,18-04-2025,1.0,109-Deluxe without Balcony,2000.0
18-04-2025,20-04-2025,2.0,201-Deluxe with Balcony,7710.0
21-04-2025,24-04-2025,3.0,201-Deluxe with Balcony,11020.8
18-04-2025,20-04-2025,2.0,305-Zen Room with Balcony,546.0
01-05-2025,02-05-2025,1.0,201-Deluxe with Balcony,4208.0
01-05-2025,02-05-2025,1.0,202-Deluxe with Balcony,3200.0
01-05-2025,02-05-2025,1.0,203-Deluxe with Balcony,3200.0
18-04-2025,19-04-2025,1.0,215-Deluxe without Balcony,1600.0
18-04-2025,20-04-2025,2.0,105-Family Suite (3B),7726.0
18-04-2025,25-04-2025,7.0,204-Deluxe with Balcony,21493.5
18-04-2025,19-04-2025,1.0,205-Family Suite (3B),4000.0
18-04-2025,20-04-2025,2.0,306-Zen Room with Balcony,5000.0
18-04-2025,19-04-2025,1.0,307-Zen Room with Balcony,3000.0
18-04-2025,19-04-2025,1.0,111-Deluxe without Balcony,2498.75
18-04-2025,19-04-2025,1.0,308-Zen Room with Balcony,2584.0
18-04-2025,19-04-2025,1.0,309-Zen Room with Balcony,3000.0
18-04-2025,19-04-2025,1.0,108-Deluxe without Balcony,2000.0
18-04-2025,19-04-2025,1.0,212-Family Suite (4B),3952.9
18-04-2025,20-04-2025,2.0,110-Deluxe without Balcony,7900.5
18-04-2025,20-04-2025,2.0,111-Deluxe without Balcony,6000.0
18-04-2025,20-04-2025,2.0,312-Zen Room with Balcony,8522.5
18-04-2025,20-04-2025,2.0,202-Deluxe with Balcony,5600.0
18-04-2025,19-04-2025,1.0,109-Deluxe without Balcony,2240.0
18-04-2025,19-04-2025,1.0,106-Executive Suite with Balcony,3650.0
18-04-2025,19-04-2025,1.0,116-Deluxe Room (Non-AC),1563.0
18-04-2025,21-04-2025,3.0,104-Deluxe with Balcony,6720.0
18-04-2025,19-04-2025,1.0,207-Executive Suite with Balcony,4000.0
18-04-2025,19-04-2025,1.0,310-Zen Room with Balcony,3000.0
18-04-2025,19-04-2025,1.0,313-Zen Room with Balcony,3000.0
18-04-2025,19-04-2025,1.0,218-Deluxe Room (Non-AC),1800.0
18-04-2025,19-04-2025,1.0,219-Deluxe Room (Non-AC),1800.0
18-04-2025,19-04-2025,1.0,301-Zen Room with Balcony,3000.0
19-04-2025,20-04-2025,1.0,109-Deluxe without Balcony,4084.0
25-04-2025,29-04-2025,4.0,216-Deluxe Room (Non-AC),9273.6
24-04-2025,25-04-2025,1.0,203-Deluxe with Balcony,3449.6
19-04-2025,21-04-2025,2.0,101-Deluxe with Balcony,8365.0
19-04-2025,20-04-2025,1.0,207-Executive Suite with Balcony,3000.0
19-04-2025,22-04-2025,3.0,206-Executive Suite with Balcony,14707.5
19-04-2025,20-04-2025,1.0,301-Zen Room with Balcony,3500.0
19-04-2025,20-04-2025,1.0,308-Zen Room with Balcony,2500.0
19-04-2025,20-04-2025,1.0,302-Zen Room with Balcony,3000.0
20-04-2025,21-04-2025,1.0,205-Family Suite (3B),5544.0
19-04-2025,20-04-2025,1.0,307-Zen Room with Balcony,3462.0
19-04-2025,20-04-2025,1.0,309-Zen Room with Balcony,3000.0
19-04-2025,21-04-2025,2.0,214-Deluxe without Balcony,3915.0
19-04-2025,21-04-2025,2.0,218-Deluxe Room (Non-AC),3600.0
19-04-2025,20-04-2025,1.0,310-Zen Room with Balcony,3336.0
19-04-2025,20-04-2025,1.0,106-Executive Suite with Balcony,4000.0
20-04-2025,21-04-2025,1.0,217-Deluxe Room (Non-AC),2175.8
19-04-2025,20-04-2025,1.0,313-Zen Room with Balcony,2100.0
20-04-2025,21-04-2025,1.0,116-Deluxe Room (Non-AC),2096.25
25-04-2025,26-04-2025,1.0,211-Deluxe without Balcony,2978.0
20-04-2025,21-04-2025,1.0,108-Deluxe without Balcony,1800.0
20-04-2025,22-04-2025,2.0,210-Deluxe without Balcony,3600.0
20-04-2025,21-04-2025,1.0,203-Deluxe with Balcony,1968.0
20-04-2025,21-04-2025,1.0,109-Deluxe without Balcony,2000.0
20-04-2025,21-04-2025,1.0,110-Deluxe without Balcony,2000.0
21-04-2025,23-04-2025,2.0,212-Family Suite (4B),8346.0
21-04-2025,22-04-2025,1.0,108-Deluxe without Balcony,2723.0
21-04-2025,22-04-2025,1.0,109-Deluxe without Balcony,2240.0
04-05-2025,08-05-2025,4.0,217-Deluxe Room (Non-AC),10304.0
21-04-2025,22-04-2025,1.0,110-Deluxe without Balcony,2052.0
21-04-2025,22-04-2025,1.0,111-Deluxe without Balcony,1800.0
21-04-2025,22-04-2025,1.0,217-Deluxe Room (Non-AC),1600.0
21-04-2025,22-04-2025,1.0,218-Deluxe Room (Non-AC),1600.0
01-05-2025,04-05-2025,3.0,301-Zen Room with Balcony,10344.48
22-04-2025,23-04-2025,1.0,108-Deluxe without Balcony,3585.5
22-04-2025,23-04-2025,1.0,217-Deluxe Room (Non-AC),2060.8
22-04-2025,23-04-2025,1.0,114-Family Suite (4B),4126.0
22-04-2025,23-04-2025,1.0,206-Executive Suite with Balcony,2408.0
22-04-2025,23-04-2025,1.0,207-Executive Suite with Balcony,2320.0
23-04-2025,24-04-2025,1.0,211-Deluxe without Balcony,2000.0
23-04-2025,24-04-2025,1.0,115-Family Suite (4B),3000.0
17-06-2025,19-06-2025,2.0,109-Deluxe without Balcony,4332.0
17-06-2025,19-06-2025,2.0,110-Deluxe without Balcony,4332.0
17-06-2025,19-06-2025,2.0,111-Deluxe without Balcony,4332.0
26-04-2025,27-04-2025,1.0,115-Family Suite (4B),3676.0
23-04-2025,24-04-2025,1.0,109-Deluxe without Balcony,2283.0
23-04-2025,24-04-2025,1.0,108-Deluxe without Balcony,1800.0
24-04-2025,25-04-2025,1.0,110-Deluxe without Balcony,2000.0
03-05-2025,04-05-2025,1.0,109-Deluxe without Balcony,3679.2
03-05-2025,04-05-2025,1.0,211-Deluxe without Balcony,2318.4
03-05-2025,04-05-2025,1.0,105-Family Suite (3B),4838.4
03-05-2025,04-05-2025,1.0,214-Deluxe without Balcony,2318.4
03-05-2025,04-05-2025,1.0,215-Deluxe without Balcony,2402.4
26-04-2025,27-04-2025,1.0,212-Family Suite (4B),4273.0
26-04-2025,27-04-2025,1.0,201-Deluxe with Balcony,2500.0
24-04-2025,25-04-2025,1.0,201-Deluxe with Balcony,2210.0
24-04-2025,25-04-2025,1.0,202-Deluxe with Balcony,3795.5
24-04-2025,25-04-2025,1.0,108-Deluxe without Balcony,2000.0
25-04-2025,26-04-2025,1.0,210-Deluxe without Balcony,2000.0
25-04-2025,01-05-2025,6.0,206-Executive Suite with Balcony,17472.0
25-04-2025,26-04-2025,1.0,201-Deluxe with Balcony,4121.0
25-04-2025,26-04-2025,1.0,202-Deluxe with Balcony,2000.0
25-04-2025,26-04-2025,1.0,203-Deluxe with Balcony,2042.0
25-04-2025,26-04-2025,1.0,108-Deluxe without Balcony,2000.0
25-04-2025,26-04-2025,1.0,109-Deluxe without Balcony,2000.0
25-04-2025,27-04-2025,2.0,110-Deluxe without Balcony,5711.5
25-04-2025,26-04-2025,1.0,101-Deluxe with Balcony,3898.5
26-04-2025,27-04-2025,1.0,105-Family Suite (3B),3378.0
26-04-2025,27-04-2025,1.0,210-Deluxe without Balcony,2357.0
26-04-2025,27-04-2025,1.0,203-Deluxe with Balcony,2890.4
26-04-2025,27-04-2025,1.0,109-Deluxe without Balcony,2514.5
26-04-2025,27-04-2025,1.0,108-Deluxe without Balcony,4970.0
26-04-2025,27-04-2025,1.0,111-Deluxe without Balcony,2240.0
26-04-2025,27-04-2025,1.0,211-Deluxe without Balcony,2500.0
27-04-2025,29-04-2025,2.0,109-Deluxe without Balcony,4543.0
27-04-2025,28-04-2025,1.0,110-Deluxe without Balcony,4463.5
27-04-2025,28-04-2025,1.0,111-Deluxe without Balcony,2500.0
27-04-2025,28-04-2025,1.0,115-Family Suite (4B),3500.0
27-04-2025,28-04-2025,1.0,203-Deluxe with Balcony,1800.0
27-04-2025,28-04-2025,1.0,108-Deluxe without Balcony,2200.0
27-04-2025,28-04-2025,1.0,202-Deluxe with Balcony,2240.0
23-05-2026,26-05-2026,3.0,206-Executive Suite with Balcony,11172.0
23-05-2026,26-05-2026,3.0,207-Executive Suite with Balcony,11172.0
28-04-2025,29-04-2025,1.0,105-Family Suite (3B),2500.0
24-05-2025,28-05-2025,4.0,106-Executive Suite with Balcony,16780.75
04-05-2025,05-05-2025,1.0,216-Deluxe Room (Non-AC),2016.0
28-04-2025,30-04-2025,2.0,106-Executive Suite with Balcony,5600.0
04-05-2025,07-05-2025,3.0,207-Executive Suite with Balcony,9000.0
05-05-2025,07-05-2025,2.0,210-Deluxe without Balcony,7072.0
28-04-2025,29-04-2025,1.0,115-Family Suite (4B),3000.0
29-04-2025,01-05-2025,2.0,108-Deluxe without Balcony,4167.0
29-04-2025,30-04-2025,1.0,110-Deluxe without Balcony,2000.0
30-04-2025,01-05-2025,1.0,216-Deluxe Room (Non-AC),1500.0
02-05-2025,03-05-2025,1.0,109-Deluxe without Balcony,2147.0
29-04-2025,30-04-2025,1.0,115-Family Suite (4B),3284.0
29-04-2025,30-04-2025,1.0,203-Deluxe with Balcony,2586.5
29-04-2025,02-05-2025,3.0,204-Deluxe with Balcony,7224.0
01-05-2025,02-05-2025,1.0,210-Deluxe without Balcony,2000.0
01-05-2025,02-05-2025,1.0,211-Deluxe without Balcony,4698.5
01-05-2025,02-05-2025,1.0,212-Family Suite (4B),4891.5
01-05-2025,03-05-2025,2.0,101-Deluxe with Balcony,4501.0
10-10-2025,25-11-2025,46.0,201-Deluxe with Balcony,82800.0
02-05-2025,03-05-2025,1.0,108-Deluxe without Balcony,1842.0
11-05-2025,12-05-2025,1.0,218-Deluxe Room (Non-AC),1254.4
02-05-2025,03-05-2025,1.0,216-Deluxe Room (Non-AC),1191.96
02-05-2025,03-05-2025,1.0,217-Deluxe Room (Non-AC),1191.96
07-07-2025,10-07-2025,3.0,109-Deluxe without Balcony,5400.0
02-05-2025,03-05-2025,1.0,110-Deluxe without Balcony,2284.0
02-05-2025,03-05-2025,1.0,115-Family Suite (4B),3168.0
02-05-2025,04-05-2025,2.0,302-Zen Room with Balcony,7952.0
03-05-2025,03-05-2025,0.0,201-Deluxe with Balcony,2600.0
03-05-2025,04-05-2025,1.0,108-Deluxe without Balcony,2500.0
03-05-2025,04-05-2025,1.0,212-Family Suite (4B),4584.0
03-05-2025,06-05-2025,3.0,202-Deluxe with Balcony,7302.0
03-05-2025,06-05-2025,3.0,203-Deluxe with Balcony,7134.0
03-05-2025,04-05-2025,1.0,205-Family Suite (3B),3521.0
03-05-2025,04-05-2025,1.0,101-Deluxe with Balcony,3476.0
03-05-2025,04-05-2025,1.0,102-Deluxe with Balcony,3476.0
03-05-2025,04-05-2025,1.0,103-Deluxe with Balcony,3602.0
03-05-2025,04-05-2025,1.0,204-Deluxe with Balcony,3350.0
03-05-2025,04-05-2025,1.0,210-Deluxe without Balcony,3000.0
03-05-2025,04-05-2025,1.0,104-Deluxe with Balcony,3000.0
03-05-2025,04-05-2025,1.0,110-Deluxe without Balcony,2400.38
04-05-2025,05-05-2025,1.0,108-Deluxe without Balcony,2948.4
03-05-2025,04-05-2025,1.0,303-Zen Room with Balcony,3328.5
03-05-2025,04-05-2025,1.0,304-Zen Room with Balcony,2142.0
03-05-2025,04-05-2025,1.0,115-Family Suite (4B),3500.0
03-05-2025,04-05-2025,1.0,111-Deluxe without Balcony,2240.0
03-05-2025,05-05-2025,2.0,114-Family Suite (4B),9955.5
04-05-2025,05-05-2025,1.0,307-Zen Room with Balcony,2500.0
04-05-2025,05-05-2025,1.0,309-Zen Room with Balcony,3000.0
04-05-2025,06-05-2025,2.0,110-Deluxe without Balcony,3600.0
12-05-2025,13-05-2025,1.0,110-Deluxe without Balcony,3200.0
12-05-2025,13-05-2025,1.0,109-Deluxe without Balcony,3200.0
12-05-2025,13-05-2025,1.0,114-Family Suite (4B),6000.0
12-05-2025,13-05-2025,1.0,115-Family Suite (4B),6000.0
05-05-2025,07-05-2025,2.0,109-Deluxe without Balcony,5001.76
05-05-2025,05-05-2025,0.0,111-Deluxe without Balcony,2819.0
05-05-2025,09-05-2025,4.0,201-Deluxe with Balcony,9904.0
07-05-2025,09-05-2025,2.0,216-Deluxe Room (Non-AC),3046.4
06-05-2025,07-05-2025,1.0,219-Deluxe Room (Non-AC),1523.2
06-05-2025,08-05-2025,2.0,110-Deluxe without Balcony,6088.5
06-05-2025,08-05-2025,2.0,111-Deluxe without Balcony,3600.0
06-05-2025,07-05-2025,1.0,101-Deluxe with Balcony,3115.0
07-05-2025,08-05-2025,1.0,101-Deluxe with Balcony,2120.25
07-05-2025,08-05-2025,1.0,108-Deluxe without Balcony,2710.0
07-05-2025,08-05-2025,1.0,115-Family Suite (4B),7545.0
25-05-2025,26-05-2025,1.0,217-Deluxe Room (Non-AC),1260.07
08-05-2025,09-05-2025,1.0,109-Deluxe without Balcony,3017.0
08-05-2025,09-05-2025,1.0,101-Deluxe with Balcony,2294.0
08-05-2025,09-05-2025,1.0,218-Deluxe Room (Non-AC),1200.0
08-05-2025,09-05-2025,1.0,102-Deluxe with Balcony,1800.0
09-05-2025,10-05-2025,1.0,115-Family Suite (4B),3119.5
09-05-2025,10-05-2025,1.0,101-Deluxe with Balcony,3518.5
09-05-2025,10-05-2025,1.0,108-Deluxe without Balcony,1684.0
10-05-2025,11-05-2025,1.0,216-Deluxe Room (Non-AC),1260.07
10-05-2025,11-05-2025,1.0,105-Family Suite (3B),4000.0
10-05-2025,11-05-2025,1.0,111-Deluxe without Balcony,4690.5
10-05-2025,11-05-2025,1.0,211-Deluxe without Balcony,2200.0
10-05-2025,11-05-2025,1.0,101-Deluxe with Balcony,2392.5
10-05-2025,11-05-2025,1.0,104-Deluxe with Balcony,2015.0
10-05-2025,11-05-2025,1.0,217-Deluxe Room (Non-AC),1563.0
10-05-2025,11-05-2025,1.0,201-Deluxe with Balcony,2000.0
10-05-2025,11-05-2025,1.0,103-Deluxe with Balcony,2356.5
10-05-2025,11-05-2025,1.0,210-Deluxe without Balcony,2762.0
10-05-2025,11-05-2025,1.0,106-Executive Suite with Balcony,4049.5
11-05-2025,12-05-2025,1.0,108-Deluxe without Balcony,2500.0
11-05-2025,12-05-2025,1.0,115-Family Suite (4B),4340.0
11-05-2025,12-05-2025,1.0,111-Deluxe without Balcony,1863.0
11-05-2025,12-05-2025,1.0,101-Deluxe with Balcony,3071.5
11-05-2025,12-05-2025,1.0,114-Family Suite (4B),3000.0
11-05-2025,12-05-2025,1.0,109-Deluxe without Balcony,2716.0
11-05-2025,12-05-2025,1.0,110-Deluxe without Balcony,1907.5
11-05-2025,12-05-2025,1.0,215-Deluxe without Balcony,1760.07
11-05-2025,12-05-2025,1.0,205-Family Suite (3B),3000.0
11-05-2025,12-05-2025,1.0,212-Family Suite (4B),4302.0
12-05-2025,13-05-2025,1.0,216-Deluxe Room (Non-AC),1260.07
13-05-2025,14-05-2025,1.0,108-Deluxe without Balcony,1500.0
13-05-2025,14-05-2025,1.0,109-Deluxe without Balcony,1563.0
13-05-2025,14-05-2025,1.0,203-Deluxe with Balcony,2934.0
13-05-2025,14-05-2025,1.0,204-Deluxe with Balcony,1800.0
13-05-2025,14-05-2025,1.0,115-Family Suite (4B),3486.0
14-05-2025,15-05-2025,1.0,108-Deluxe without Balcony,1700.0
14-05-2025,15-05-2025,1.0,201-Deluxe with Balcony,2393.75
08-06-2025,14-06-2025,6.0,105-Family Suite (3B),15000.0
15-05-2025,16-05-2025,1.0,108-Deluxe without Balcony,1600.0
18-05-2025,19-05-2025,1.0,207-Executive Suite with Balcony,6372.0
18-05-2025,19-05-2025,1.0,206-Executive Suite with Balcony,4196.5
16-05-2025,17-05-2025,1.0,201-Deluxe with Balcony,4357.25
16-05-2025,18-05-2025,2.0,101-Deluxe with Balcony,4356.0
16-05-2025,17-05-2025,1.0,103-Deluxe with Balcony,1800.0
16-05-2025,17-05-2025,1.0,104-Deluxe with Balcony,1800.0
16-05-2025,17-05-2025,1.0,211-Deluxe without Balcony,2094.5
16-05-2025,17-05-2025,1.0,106-Executive Suite with Balcony,3834.75
17-05-2025,19-05-2025,2.0,217-Deluxe Room (Non-AC),2520.14
16-05-2025,18-05-2025,2.0,108-Deluxe without Balcony,3357.0
16-05-2025,18-05-2025,2.0,109-Deluxe without Balcony,3063.0
16-05-2025,18-05-2025,2.0,110-Deluxe without Balcony,3000.0
16-05-2025,17-05-2025,1.0,215-Deluxe without Balcony,2200.0
16-05-2025,17-05-2025,1.0,210-Deluxe without Balcony,2000.0
17-05-2025,20-05-2025,3.0,102-Deluxe with Balcony,8919.0
17-05-2025,18-05-2025,1.0,105-Family Suite (3B),3640.5
17-05-2025,18-05-2025,1.0,107-Executive Suite with Balcony,3808.5
17-05-2025,18-05-2025,1.0,115-Family Suite (4B),3500.0
17-05-2025,18-05-2025,1.0,111-Deluxe without Balcony,2282.0
18-05-2025,19-05-2025,1.0,219-Deluxe Room (Non-AC),1260.07
18-05-2025,19-05-2025,1.0,218-Deluxe Room (Non-AC),1260.07
20-05-2025,21-05-2025,1.0,204-Deluxe with Balcony,2300.0
17-05-2025,18-05-2025,1.0,103-Deluxe with Balcony,2976.5
17-05-2025,18-05-2025,1.0,104-Deluxe with Balcony,2240.0
17-05-2025,18-05-2025,1.0,114-Family Suite (4B),3500.0
17-05-2025,18-05-2025,1.0,212-Family Suite (4B),3500.0
17-05-2025,18-05-2025,1.0,205-Family Suite (3B),4879.75
17-05-2025,18-05-2025,1.0,210-Deluxe without Balcony,2260.07
17-05-2025,18-05-2025,1.0,211-Deluxe without Balcony,2260.07
17-05-2025,18-05-2025,1.0,216-Deluxe Room (Non-AC),1200.0
18-05-2025,19-05-2025,1.0,106-Executive Suite with Balcony,4254.25
18-05-2025,20-05-2025,2.0,115-Family Suite (4B),8206.0
18-05-2025,20-05-2025,2.0,114-Family Suite (4B),11278.5
18-05-2025,19-05-2025,1.0,205-Family Suite (3B),2500.0
18-05-2025,19-05-2025,1.0,212-Family Suite (4B),4389.0
18-05-2025,19-05-2025,1.0,105-Family Suite (3B),3084.0
20-05-2025,21-05-2025,1.0,212-Family Suite (4B),6951.0
19-05-2025,20-05-2025,1.0,116-Deluxe Room (Non-AC),1260.07
19-05-2025,20-05-2025,1.0,108-Deluxe without Balcony,2744.0
19-05-2025,20-05-2025,1.0,201-Deluxe with Balcony,2586.5
19-05-2025,20-05-2025,1.0,101-Deluxe with Balcony,2430.5
19-05-2025,22-05-2025,3.0,109-Deluxe without Balcony,5529.0
20-05-2025,22-05-2025,2.0,105-Family Suite (3B),6875.75
20-05-2025,21-05-2025,1.0,202-Deluxe with Balcony,2000.0
20-05-2025,21-05-2025,1.0,106-Executive Suite with Balcony,2884.0
24-05-2025,25-05-2025,1.0,116-Deluxe Room (Non-AC),1613.98
20-05-2025,21-05-2025,1.0,201-Deluxe with Balcony,2714.0
24-05-2025,25-05-2025,1.0,302-Zen Room with Balcony,2758.13
21-05-2025,22-05-2025,1.0,115-Family Suite (4B),5727.25
21-05-2025,23-05-2025,2.0,108-Deluxe without Balcony,4104.0
21-05-2025,23-05-2025,2.0,110-Deluxe without Balcony,4450.5
21-05-2025,22-05-2025,1.0,114-Family Suite (4B),3200.0
23-05-2025,24-05-2025,1.0,210-Deluxe without Balcony,1436.54
23-05-2025,24-05-2025,1.0,211-Deluxe without Balcony,1436.54
21-05-2025,23-05-2025,2.0,205-Family Suite (3B),6777.0
21-05-2025,22-05-2025,1.0,212-Family Suite (4B),3683.0
21-05-2025,22-05-2025,1.0,107-Executive Suite with Balcony,3200.0
24-05-2025,25-05-2025,1.0,217-Deluxe Room (Non-AC),1196.68
22-05-2025,24-05-2025,2.0,103-Deluxe with Balcony,3661.5
22-05-2025,24-05-2025,2.0,102-Deluxe with Balcony,4617.0
22-05-2025,23-05-2025,1.0,106-Executive Suite with Balcony,2726.0
22-05-2025,23-05-2025,1.0,107-Executive Suite with Balcony,4301.0
26-05-2025,27-05-2025,1.0,110-Deluxe without Balcony,2032.52
22-05-2025,23-05-2025,1.0,214-Deluxe without Balcony,1626.0
22-05-2025,23-05-2025,1.0,215-Deluxe without Balcony,1500.0
22-05-2025,23-05-2025,1.0,115-Family Suite (4B),3955.5
24-05-2025,25-05-2025,1.0,215-Deluxe without Balcony,2032.52
23-05-2025,23-05-2025,0.0,109-Deluxe without Balcony,3112.5
23-05-2025,23-05-2025,0.0,111-Deluxe without Balcony,1800.0
24-05-2025,25-05-2025,1.0,218-Deluxe Room (Non-AC),1532.52
24-05-2025,25-05-2025,1.0,219-Deluxe Room (Non-AC),1532.52
24-05-2025,25-05-2025,1.0,108-Deluxe without Balcony,2849.9
23-05-2025,24-05-2025,1.0,201-Deluxe with Balcony,2710.0
23-05-2025,24-05-2025,1.0,202-Deluxe with Balcony,2500.0
23-05-2025,24-05-2025,1.0,203-Deluxe with Balcony,2500.0
23-05-2025,24-05-2025,1.0,204-Deluxe with Balcony,2500.0
23-05-2025,24-05-2025,1.0,115-Family Suite (4B),3262.5
23-05-2025,25-05-2025,2.0,206-Executive Suite with Balcony,5657.5
23-05-2025,25-05-2025,2.0,107-Executive Suite with Balcony,5542.0
23-05-2025,25-05-2025,2.0,205-Family Suite (3B),5641.75
23-05-2025,24-05-2025,1.0,108-Deluxe without Balcony,2959.5
24-05-2025,25-05-2025,1.0,115-Family Suite (4B),5236.0
25-05-2025,27-05-2025,2.0,116-Deluxe Room (Non-AC),3393.6
24-05-2025,25-05-2025,1.0,216-Deluxe Room (Non-AC),1600.0
24-05-2025,25-05-2025,1.0,114-Family Suite (4B),4920.0
24-05-2025,25-05-2025,1.0,212-Family Suite (4B),6564.5
24-05-2025,25-05-2025,1.0,105-Family Suite (3B),3598.5
24-05-2025,25-05-2025,1.0,111-Deluxe without Balcony,5265.5
24-05-2025,25-05-2025,1.0,109-Deluxe without Balcony,3312.5
24-05-2025,25-05-2025,1.0,110-Deluxe without Balcony,2000.0
24-05-2025,25-05-2025,1.0,203-Deluxe with Balcony,3371.5
24-05-2025,25-05-2025,1.0,101-Deluxe with Balcony,2800.0
24-05-2025,25-05-2025,1.0,210-Deluxe without Balcony,2500.0
24-05-2025,25-05-2025,1.0,202-Deluxe with Balcony,4190.5
24-05-2025,25-05-2025,1.0,305-Zen Room with Balcony,2521.0
24-05-2025,25-05-2025,1.0,211-Deluxe without Balcony,2418.0
24-05-2025,25-05-2025,1.0,204-Deluxe with Balcony,2292.0
24-05-2025,25-05-2025,1.0,313-Zen Room with Balcony,2600.0
24-05-2025,25-05-2025,1.0,314-Zen Room with Balcony,2600.0
24-05-2025,25-05-2025,1.0,104-Deluxe with Balcony,2000.0
24-05-2025,25-05-2025,1.0,103-Deluxe with Balcony,2357.0
24-05-2025,25-05-2025,1.0,301-Zen Room with Balcony,3371.5
24-05-2025,25-05-2025,1.0,312-Zen Room with Balcony,2821.0
24-05-2025,25-05-2025,1.0,303-Zen Room with Balcony,3985.5
24-05-2025,25-05-2025,1.0,308-Zen Room with Balcony,2400.0
24-05-2025,25-05-2025,1.0,102-Deluxe with Balcony,2000.0
24-05-2025,25-05-2025,1.0,201-Deluxe with Balcony,2240.0
24-05-2025,25-05-2025,1.0,207-Executive Suite with Balcony,4996.25
24-05-2025,25-05-2025,1.0,311-Zen Room with Balcony,4060.0
24-05-2025,25-05-2025,1.0,309-Zen Room with Balcony,2525.0
25-05-2025,26-05-2025,1.0,115-Family Suite (4B),4613.0
25-05-2025,26-05-2025,1.0,216-Deluxe Room (Non-AC),1300.0
25-05-2025,26-05-2025,1.0,110-Deluxe without Balcony,2955.5
25-05-2025,26-05-2025,1.0,218-Deluxe Room (Non-AC),1300.0
27-05-2025,29-05-2025,2.0,216-Deluxe Room (Non-AC),2999.0
25-05-2025,26-05-2025,1.0,206-Executive Suite with Balcony,2926.0
25-05-2025,26-05-2025,1.0,204-Deluxe with Balcony,2982.75
25-05-2025,26-05-2025,1.0,212-Family Suite (4B),4000.0
25-05-2025,26-05-2025,1.0,210-Deluxe without Balcony,2500.0
25-05-2025,26-05-2025,1.0,211-Deluxe without Balcony,3854.5
25-05-2025,26-05-2025,1.0,101-Deluxe with Balcony,2388.0
25-05-2025,26-05-2025,1.0,114-Family Suite (4B),6237.0
25-05-2025,26-05-2025,1.0,105-Family Suite (3B),3021.0
25-05-2025,26-05-2025,1.0,111-Deluxe without Balcony,2200.0
03-06-2025,06-06-2025,3.0,108-Deluxe without Balcony,6873.0
03-06-2025,06-06-2025,3.0,109-Deluxe without Balcony,6642.0
26-05-2025,27-05-2025,1.0,108-Deluxe without Balcony,2990.0
26-05-2025,27-05-2025,1.0,109-Deluxe without Balcony,2150.0
27-05-2025,28-05-2025,1.0,206-Executive Suite with Balcony,3077.5
26-05-2025,28-05-2025,2.0,101-Deluxe with Balcony,3931.0
26-05-2025,27-05-2025,1.0,102-Deluxe with Balcony,1700.0
09-06-2025,10-06-2025,1.0,205-Family Suite (3B),2800.0
26-05-2025,27-05-2025,1.0,114-Family Suite (4B),3600.0
26-05-2025,27-05-2025,1.0,107-Executive Suite with Balcony,3739.5
26-05-2025,28-05-2025,2.0,205-Family Suite (3B),6702.0
26-05-2025,28-05-2025,2.0,105-Family Suite (3B),5400.0
26-05-2025,28-05-2025,2.0,111-Deluxe without Balcony,6530.5
27-05-2025,29-05-2025,2.0,107-Executive Suite with Balcony,5967.0
28-05-2025,29-05-2025,1.0,203-Deluxe with Balcony,2433.38
27-05-2025,29-05-2025,2.0,204-Deluxe with Balcony,5304.5
27-05-2025,28-05-2025,1.0,218-Deluxe Room (Non-AC),2060.8
27-05-2025,29-05-2025,2.0,115-Family Suite (4B),6326.0
27-05-2025,28-05-2025,1.0,109-Deluxe without Balcony,2590.0
27-05-2025,28-05-2025,1.0,110-Deluxe without Balcony,1876.0
27-05-2025,28-05-2025,1.0,201-Deluxe with Balcony,4850.0
27-05-2025,28-05-2025,1.0,202-Deluxe with Balcony,1700.0
27-05-2025,28-05-2025,1.0,212-Family Suite (4B),4242.0
27-05-2025,28-05-2025,1.0,103-Deluxe with Balcony,1600.0
27-05-2025,28-05-2025,1.0,104-Deluxe with Balcony,1600.0
07-06-2025,08-06-2025,1.0,216-Deluxe Room (Non-AC),2576.0
07-06-2025,08-06-2025,1.0,217-Deluxe Room (Non-AC),2576.0
07-06-2025,08-06-2025,1.0,218-Deluxe Room (Non-AC),2576.0
28-05-2025,29-05-2025,1.0,114-Family Suite (4B),5155.0
28-05-2025,29-05-2025,1.0,109-Deluxe without Balcony,1768.0
28-05-2025,29-05-2025,1.0,110-Deluxe without Balcony,1600.0
28-05-2025,29-05-2025,1.0,105-Family Suite (3B),2935.25
07-06-2025,08-06-2025,1.0,212-Family Suite (4B),4200.0
07-06-2025,08-06-2025,1.0,115-Family Suite (4B),4200.0
29-05-2025,01-06-2025,3.0,116-Deluxe Room (Non-AC),5999.64
29-05-2025,31-05-2025,2.0,114-Family Suite (4B),7084.0
29-05-2025,30-05-2025,1.0,115-Family Suite (4B),3741.5
29-05-2025,30-05-2025,1.0,212-Family Suite (4B),6453.0
29-05-2025,01-06-2025,3.0,110-Deluxe without Balcony,4800.0
31-05-2025,02-06-2025,2.0,204-Deluxe with Balcony,3810.0
30-05-2025,31-05-2025,1.0,202-Deluxe with Balcony,2300.0
30-05-2025,31-05-2025,1.0,203-Deluxe with Balcony,2300.0
30-05-2025,31-05-2025,1.0,201-Deluxe with Balcony,2300.0
29-05-2025,30-05-2025,1.0,103-Deluxe with Balcony,1968.0
29-05-2025,30-05-2025,1.0,104-Deluxe with Balcony,1800.0
29-05-2025,30-05-2025,1.0,105-Family Suite (3B),3500.0
29-05-2025,31-05-2025,2.0,215-Deluxe without Balcony,4126.0
29-05-2025,01-06-2025,3.0,210-Deluxe without Balcony,5400.0
29-05-2025,30-05-2025,1.0,205-Family Suite (3B),5253.5
30-05-2025,02-06-2025,3.0,206-Executive Suite with Balcony,10454.5
30-05-2025,02-06-2025,3.0,207-Executive Suite with Balcony,13963.5
21-06-2025,22-06-2025,1.0,116-Deluxe Room (Non-AC),2576.0
30-05-2025,01-06-2025,2.0,106-Executive Suite with Balcony,3866.76
30-05-2025,01-06-2025,2.0,107-Executive Suite with Balcony,3866.76
30-05-2025,31-05-2025,1.0,115-Family Suite (4B),4088.0
30-05-2025,31-05-2025,1.0,111-Deluxe without Balcony,2210.0
30-05-2025,01-06-2025,2.0,101-Deluxe with Balcony,8961.34
30-05-2025,01-06-2025,2.0,102-Deluxe with Balcony,6808.84
30-05-2025,01-06-2025,2.0,211-Deluxe without Balcony,4283.5
30-05-2025,31-05-2025,1.0,108-Deluxe without Balcony,2000.0
30-05-2025,31-05-2025,1.0,101-Deluxe with Balcony,2252.0
30-05-2025,31-05-2025,1.0,102-Deluxe with Balcony,2000.0
30-05-2025,31-05-2025,1.0,103-Deluxe with Balcony,2000.0
30-05-2025,31-05-2025,1.0,104-Deluxe with Balcony,2000.0
30-05-2025,01-06-2025,2.0,109-Deluxe without Balcony,4430.5
30-05-2025,31-05-2025,1.0,212-Family Suite (4B),4210.0
30-05-2025,31-05-2025,1.0,205-Family Suite (3B),3794.0
03-06-2025,05-06-2025,2.0,114-Family Suite (4B),8937.6
03-06-2025,05-06-2025,2.0,115-Family Suite (4B),9651.6
31-05-2025,01-06-2025,1.0,108-Deluxe without Balcony,4390.4
31-05-2025,01-06-2025,1.0,111-Deluxe without Balcony,2560.8
30-05-2025,31-05-2025,1.0,214-Deluxe without Balcony,1800.0
31-05-2025,01-06-2025,1.0,201-Deluxe with Balcony,2284.0
31-05-2025,01-06-2025,1.0,103-Deluxe with Balcony,2500.0
31-05-2025,01-06-2025,1.0,202-Deluxe with Balcony,2136.5
31-05-2025,01-06-2025,1.0,203-Deluxe with Balcony,2126.0
31-05-2025,01-06-2025,1.0,114-Family Suite (4B),5634.0
31-05-2025,01-06-2025,1.0,115-Family Suite (4B),5779.75
31-05-2025,02-06-2025,2.0,104-Deluxe with Balcony,5008.5
31-05-2025,01-06-2025,1.0,217-Deluxe Room (Non-AC),1600.0
31-05-2025,01-06-2025,1.0,218-Deluxe Room (Non-AC),1600.0
31-05-2025,01-06-2025,1.0,105-Family Suite (3B),3220.0
31-05-2025,01-06-2025,1.0,214-Deluxe without Balcony,1800.0
31-05-2025,01-06-2025,1.0,215-Deluxe without Balcony,2000.0
31-05-2025,01-06-2025,1.0,219-Deluxe Room (Non-AC),1500.0
31-05-2025,01-06-2025,1.0,212-Family Suite (4B),4560.5
31-05-2025,01-06-2025,1.0,205-Family Suite (3B),4812.5
31-05-2025,01-06-2025,1.0,302-Zen Room with Balcony,2500.0
01-06-2025,01-06-2025,0.0,106-Executive Suite with Balcony,2600.0
